<?xml version="1.0" encoding="UTF-8"?>
<project-private xmlns="http://www.netbeans.org/ns/project-private/1">
    <editor-bookmarks xmlns="http://www.netbeans.org/ns/editor-bookmarks/2" lastBookmarkId="0"/>
    <open-files xmlns="http://www.netbeans.org/ns/projectui-open-files/2">
        <group>
            <file>file:/C:/Users/jrbro/Downloads/SYST17796_Project-master/src/solitaire_project/Solitaire.java</file>
            <file>file:/C:/Users/jrbro/Downloads/SYST17796_Project-master/src/solitaire_project/Card.java</file>
            <file>file:/C:/Users/jrbro/Downloads/SYST17796_Project-master/src/solitaire_project/GroupOfCards.java</file>
            <file>file:/C:/Users/jrbro/Downloads/SYST17796_Project-master/src/solitaire_project/Foundation.java</file>
            <file>file:/C:/Users/jrbro/Downloads/SYST17796_Project-master/src/solitaire_project/Tableau.java</file>
            <file>file:/C:/Users/jrbro/Downloads/SYST17796_Project-master/src/solitaire_project/Main.java</file>
            <file>file:/C:/Users/jrbro/Downloads/SYST17796_Project-master/src/solitaire_project/PlayingCard.java</file>
            <file>file:/C:/Users/jrbro/Downloads/SYST17796_Project-master/src/solitaire_project/Player.java</file>
            <file>file:/C:/Users/jrbro/Downloads/SYST17796_Project-master/src/solitaire_project/Waste.java</file>
            <file>file:/C:/Users/jrbro/Downloads/SYST17796_Project-master/src/solitaire_project/Game.java</file>
            <file>file:/C:/Users/jrbro/Downloads/SYST17796_Project-master/src/solitaire_project/PasswordAuthenticator.java</file>
            <file>file:/C:/Users/jrbro/Downloads/SYST17796_Project-master/src/solitaire_project/Stock.java</file>
            <file>file:/C:/Users/jrbro/Downloads/SYST17796_Project-master/src/solitaire_project/Deck.java</file>
        </group>
    </open-files>
</project-private>
